<?xml version="1.0" encoding="UTF-8"?>
<!DOCTYPE mapper PUBLIC "-//mybatis.org//DTD Mapper 3.0//EN" "http://mybatis.org/dtd/mybatis-3-mapper.dtd">
<mapper namespace="com.neusoft.yyzx.mapper.NurselevelitemMapper">

    <!--通用查询映射结果 -->
    <resultMap id="BaseResultMap" type="com.neusoft.yyzx.pojo.Nurselevelitem">
        <id column="id" property="id"/>
        <result column="level_id" property="levelId"/>
        <result column="item_id" property="itemId"/>
        <result column="is_deleted" property="isDeleted"/>
    </resultMap>

    <!-- 通用查询结果列 -->
    <sql id="Base_Column_List">
        id,level_id,item_id,is_deleted
    </sql>

</mapper>