<?xml version="1.0" encoding="UTF-8"?>
<!DOCTYPE mapper PUBLIC "-//mybatis.org//DTD Mapper 3.0//EN" "http://mybatis.org/dtd/mybatis-3-mapper.dtd">
<mapper namespace="com.neusoft.yyzx.mapper.RoleMapper">

    <!--通用查询映射结果-->
    <resultMap id="BaseResultMap" type="com.neusoft.yyzx.pojo.Role">
        <id column="id" property="id"/>
        <result column="create_time" property="createTime"/>
        <result column="update_time" property="updateTime"/>
        <result column="update_by" property="updateBy"/>
        <result column="is_deleted" property="isDeleted"/>
        <result column="name" property="name"/>
    </resultMap>

    <!-- 通用查询结果列-->
    <sql id="Base_Column_List">
        id,create_time,update_time,update_by,is_deleted,name
    </sql>

</mapper>