<?xml version="1.0" encoding="UTF-8"?>
<!DOCTYPE mapper PUBLIC "-//mybatis.org//DTD Mapper 3.0//EN" "http://mybatis.org/dtd/mybatis-3-mapper.dtd">
<mapper namespace="com.neusoft.yyzx.mapper.UserMapper">
    <!--通用查询映射结果-->
    <resultMap id="BaseResultMap" type="com.neusoft.yyzx.pojo.User">
        <id column="id" property="id"/>
        <result column="create_time" property="createTime"/>
        <result column="create_by" property="createBy"/>
        <result column="update_time" property="updateTime"/>
        <result column="update_by" property="updateBy"/>
        <result column="is_deleted" property="isDeleted"/>
        <result column="nickname" property="nickname"/>
        <result column="username" property="username"/>
        <result column="password" property="password"/>
        <result column="sex" property="sex"/>
        <result column="email" property="email"/>
        <result column="phone_number" property="phoneNumber"/>
        <result column="role_id" property="roleId"/>
    </resultMap>

    <!--通用查询结果列-->
    <sql id="Base_Column_List">
        id, create_time, create_by, update_time, update_by, is_deleted, nickname, username, password, sex, email, phone_number, role_id
    </sql>
</mapper>
